ID,日期,開始,結束,行程名稱,時間,地點,地址,交通建議,Map,商家電話,按鈕,備註,A車駕駛,A車乘客,B車駕駛,B車乘客,C車駕駛,C車乘客,房間分配,菜單,Google地圖,能量,能量文案,解鎖對應,物品文案,解鎖對應2,物品文案2,對話角色,行前對話文案,前往對話文案,進行中對話文案,休息中對話文案,完成對話文案,解鎖題目,正確答案,啟用答題,解鎖題目2,正確答案2,啟用答題2
d1-transport,2026-08-29,10:00,11:20,前往宜蘭,10:00 - 11:20,,,火車、客運,,,看交通資訊,,,,,,,,,,,100%,期待值滿格,,,,,小旅人-揮手,東西都帶齊了嗎？再檢查一次，我們要出發去宜蘭啦！,,往宜蘭出發！蘭陽平原三面環山、東邊面海，一起進入這片山海冒險吧～,,,,,,,,
d1-meet,2026-08-29,11:20,11:40,宜蘭集合,11:20 - 11:40,冬山火車站,宜蘭縣冬山鄉冬山村中正路1號,,https://maps.app.goo.gl/8rbeQDzSU4jMF91XA,,看車輛分配,,,,,,,,,,,50%,夥伴集合完畢,藥水,獲得來自宜蘭的神秘藥水，喝下它，就可以看見宜蘭的另類魅力！,,,鴨子,,,集合完畢！下一站去吃番割田甕缸雞；用龍眼木、相思木燻烤，才能把雞皮烤香、把肉汁留住～,,,集合地點是哪一座火車站？,冬山火車站｜冬山車站,,,,
d1-lunch,2026-08-29,11:40,13:00,享用中餐,11:40 - 13:00,番割田甕缸雞,宜蘭縣蘇澳鎮里海山西路309號,,https://maps.app.goo.gl/3VLn7KhGS4uw6cun7,039909338,看車輛分配,,,,,,,,,,,50%,補充能量中,甕缸雞腿,吃了香氣四溢的甕缸雞腿，獲得滿滿的力量，可以正式迎接今天的宜蘭之旅！,宜蘭青蛙怪,一群宜蘭青蛙怪擋住了去路，呱呱！呱呱！,小旅人-揮手,,,甕缸雞要趁熱吃！先試酥脆雞皮，再沾點胡椒鹽，配雞油拌飯剛剛好～,,,午餐店家的招牌料理是什麼？,甕缸雞｜甕缸雞腿,,,,false
d1-laser,2026-08-29,13:30,14:30,雷射對決賽,13:30 - 14:30,安永心食館,宜蘭縣蘇澳鎮新城里中山路二段415號,,https://maps.app.goo.gl/eGh4ie2UihhiRThw8,0800533699,看車輛分配,,,,,,,,,,,100%,戰意沸騰,盾牌,和隊友同心協力，排除了宜蘭行最大的危險，獲得了勇氣盾牌,,,小旅人-驚慌,,好像有一大群青蛙怪擋在路中央，還向我們發出戰鬥邀請，大家準備好了嗎？,青蛙怪來勢洶洶！大家快集合，一起迎戰吧！,,,,,false,,,
d1-group,2026-08-29,14:50,16:30,共同行程,14:50 - 16:30,待確認,,,,,看車輛分配,,,,,,,,,,,80%,小隊同步中,眼睛,小旅行就是東看看西看看，獲得了宜蘭的眼界,,,鴨子,,危機解除！大家成功突破青蛙怪的阻擋，宜蘭冒險繼續前進～,新的宜蘭任務已開啟！跟緊小隊，一起看看接下來會遇到什麼驚喜吧～,,,這次旅行的目的地是哪個縣市？,宜蘭｜宜蘭縣,,,,
d1-dessert,2026-08-29,16:50,17:20,冬山自由觀光（推薦行程）,16:50 - 17:20,鹽滷豆花專賣店,宜蘭縣冬山鄉冬山村中正路42號,,https://maps.app.goo.gl/z5rCwgUnXykgKZS96,039595020,看車輛分配,,,,,,,,,,,60%,自由探索中,,,,,鴨子,,宜蘭不只蔥有名，冬山也有三十多年的做粿手藝！等等找小華村米粿和金珠蔥油餅吧～,冬山靠著河流與水田發展，米食、茶和香魚都是在地滋味；沿著老街慢慢找找看吧！,,,,,,,,
d1-ricecake,2026-08-29,16:50,17:20,冬山自由觀光（推薦行程）,16:50 - 17:20,小華村純米手作粿店,宜蘭縣冬山鄉南興村冬山路209號,,https://maps.app.goo.gl/BSnzfVqqunmXf47Z7,0989836377,看車輛分配,,,,,,,,,,,60%,自由探索中,,,,,,,,,,,,,,,,
d1-scallion-pancake,2026-08-29,16:50,17:20,冬山自由觀光（推薦行程）,16:50 - 17:20,冬山金珠蔥油餅,宜蘭縣冬山鄉南興村冬山路一段1018號,,https://maps.app.goo.gl/SW5uvBGoVvDQ4AFx8,0989343359,看車輛分配,,,,,,,,,,,60%,自由探索中,,,,,,,,,,,,,,,,
d1-farm-park,2026-08-29,17:20,17:50,補助推薦景點,17:20 - 17:50,良食農創園區,宜蘭縣冬山鄉南興村中正路37之2號,,https://maps.app.goo.gl/31TthwLcCtGGzpSi9,039582299,看車輛分配,,,,,,,,,,,40%,採買模式開啟,,,,,小旅人-揮手,,,別忘了在園區拍照留下紀錄，再到附近採買；兩條任務完成後就能前往民宿囉～,,,,,,,,
d1-shopping,2026-08-29,17:20,17:50,採買時間,17:20 - 17:50,喜互惠生鮮超市冬山店,宜蘭縣冬山鄉南興村冬山路一段986巷5號,,https://maps.app.goo.gl/6drg1CgTazY23ruF8,039593300,看車輛分配,,,,,,,,,,,40%,採買模式開啟,,,,,,,,,,,,,,,,
d1-checkin,2026-08-29,17:50,18:20,民宿入住,17:50 - 18:20,富英農舍包棟民宿,宜蘭縣冬山鄉群英村富英二路96號,,https://maps.app.goo.gl/WDtzHMRbtQaPseBUA,0966592069,看房間分配,,,,,,,,,,,20%,需要稍作休息,飲料,來到民宿，獲得民宿主人的迎賓飲料！馬上補充了能量！,,,鴨子,,,歡迎入住富英農舍！先把行李安頓好、確認房間，晚上的民宿時光才正要開始～,,,今晚入住的民宿名稱是什麼？,富英農舍｜富英農舍包棟民宿,,,,
d1-dinner,2026-08-29,18:30,20:00,晚餐時間,18:30 - 20:00,富英農舍包棟民宿,,,,,看菜單,,,,,,,,,,,80%,能量快速回升,愛心,大家一起吃吃喝喝，獲得了珍貴的回憶,,,小旅人-揮手,,民宿安頓好了，接下來準備迎接晚餐！聞到烤肉香時，記得跟著隊伍一起集合～,烤肉車登場！和大家圍在一起吃飯，就是員工旅行最有記憶點的時刻之一～,,,晚餐請來的是什麼餐車？,烤肉車,,,,
d1-free-time,2026-08-29,20:00,21:30,自由活動時間,20:00 - 21:30,富英農舍包棟民宿,,,,,,,,,,,,,,,,60%,歡樂值上升,閃電,和大家一起大玩特玩，感覺疲憊都消失了，獲得了只有在民宿才有的無敵療癒力量,,,小旅人-揮手,,,今晚沒有固定任務，想聊天、玩遊戲或放空都可以；記得留意夜市集合時間～,,,自由活動在哪間民宿進行？,富英農舍｜富英農舍包棟民宿,,,,
d1-night-market,2026-08-29,21:30,23:00,夜市巡禮,21:30 - 23:00,羅東觀光夜市,宜蘭縣羅東鎮興東路與民權路口,,https://maps.app.goo.gl/uX9Wcdibn397Q5QZ6,,,,,,,,,,,,,40%,宵夜雷達啟動,,,,,鴨子,,,羅東夜市繞著中山公園展開，龍鳳腿、羊肉湯、包心粉圓都是在地熱門小吃～,今天辛苦啦！先好好休息，明早 09:00 再一起吃早餐～,,,,,,,
d2-breakfast,2026-08-30,09:00,10:30,早餐時間,09:00 - 10:30,富英農舍包棟民宿,,,,,,,,,,,,,,,,100%,元氣重新滿格,,,,,鴨子,,,早安！宜蘭的早晨，就從一顆包著酥脆油條的飯糰開始；吃飽再繼續今天的冒險吧～,,,,,,,,
d2-goodbye,2026-08-30,10:30,11:00,向民宿說掰掰,10:30 - 11:00,,,,,,看車輛分配,,,,,,,,,,,90%,整裝準備出發,星星,再見了民宿～偷偷告訴你一個小秘密，民宿是哲雍的家人開的唷～記得去 google 五星好評,,,鴨子,,,謝謝民宿主人的招待！離開前再檢查一次房間，別把私人物品留在宜蘭啦～,,,民宿是誰的家人開的？,哲雍｜哲雍的家人,,,,
d2-luodong,2026-08-30,11:00,11:30,前往羅東市區,11:00 - 11:30,羅東火車站,宜蘭縣羅東鎮大新里公正路2號,,https://maps.app.goo.gl/cm7J7PLRUjSb9wWF9,,,,,,,,,,,,,80%,最後巡禮中,,,,,鴨子,,,羅東市區能找到奕順軒和諾貝爾，奶凍捲、牛舌餅等宜蘭伴手禮可以趁現在帶回家～,,,,,,,,
d2-home,2026-08-30,11:30,17:00,回到甜蜜的家,11:30 - 17:00,家,,,,,,,,,,,,,,,,20%,能量緩慢下降,蘋果,結束旅程，將所有旅行的回憶都放進心裡,,,小旅人-地圖,,,回程開始！把照片、伴手禮和今天認識的宜蘭故事一起帶回家吧～,,旅程完成！快打開我的背包，看看這趟宜蘭冒險收集到了哪些紀念品吧～,旅程最後回到哪裡？,家｜甜蜜的家,,,,
